﻿{
  "UI/ErrorFlagsAtStartup": "None",
  "UI/GlassButtonFooters": "True",
  "UI/Language": "en-US",
  "UI/TranslucentWindows": "True",
  "Window/Colors/Bounds": "161,573,225,251",
  "Window/Colors/HorizontalEdge": "Bottom",
  "Window/Colors/IsSnapped": "True",
  "Window/Colors/IsVisible": "True",
  "Window/Colors/Offset": "3,3",
  "Window/Colors/SnappedToName": "AppWorkspace",
  "Window/Colors/VerticalEdge": "Left",
  "Window/History/Bounds": "908,237,181,192",
  "Window/History/HorizontalEdge": "Top",
  "Window/History/IsSnapped": "True",
  "Window/History/IsVisible": "True",
  "Window/History/Offset": "3,3",
  "Window/History/SnappedToName": "AppWorkspace",
  "Window/History/VerticalEdge": "Right",
  "Window/Layers/Bounds": "908,632,181,192",
  "Window/Layers/HorizontalEdge": "Bottom",
  "Window/Layers/IsSnapped": "True",
  "Window/Layers/IsVisible": "True",
  "Window/Layers/Offset": "3,3",
  "Window/Layers/SnappedToName": "AppWorkspace",
  "Window/Layers/VerticalEdge": "Right",
  "Window/Main/Bounds": "150,122,950,738",
  "Window/Main/FormWindowState": "Normal",
  "Window/Tools/Bounds": "161,237,67,287",
  "Window/Tools/HorizontalEdge": "Top",
  "Window/Tools/IsSnapped": "True",
  "Window/Tools/IsVisible": "True",
  "Window/Tools/Offset": "3,3",
  "Window/Tools/SnappedToName": "AppWorkspace",
  "Window/Tools/VerticalEdge": "Left",
  "Workspace/CurrentPalette": "; paint.net Palette File\r\n; Lines that start with a semicolon are comments\r\n; Colors are written as 8-digit hexadecimal numbers: aarrggbb\r\n; For example, this would specify green: FF00FF00\r\n; The alpha ('aa') value specifies how transparent a color is. FF is fully opaque, 00 is fully transparent.\r\n; A palette must consist of ninety six (96) colors. If there are less than this, the remaining color\r\n; slots will be set to white (FFFFFFFF). If there are more, then the remaining colors will be ignored.\r\nFF000000\r\nFF404040\r\nFFFF0000\r\nFFFF6A00\r\nFFFFD800\r\nFFB6FF00\r\nFF4CFF00\r\nFF00FF21\r\nFF00FF90\r\nFF00FFFF\r\nFF0094FF\r\nFF0026FF\r\nFF4800FF\r\nFFB200FF\r\nFFFF00DC\r\nFFFF006E\r\nFFFFFFFF\r\nFF808080\r\nFF7F0000\r\nFF7F3300\r\nFF7F6A00\r\nFF5B7F00\r\nFF267F00\r\nFF007F0E\r\nFF007F46\r\nFF007F7F\r\nFF004A7F\r\nFF00137F\r\nFF21007F\r\nFF57007F\r\nFF7F006E\r\nFF7F0037\r\nFFA0A0A0\r\nFF303030\r\nFFFF7F7F\r\nFFFFB27F\r\nFFFFE97F\r\nFFDAFF7F\r\nFFA5FF7F\r\nFF7FFF8E\r\nFF7FFFC5\r\nFF7FFFFF\r\nFF7FC9FF\r\nFF7F92FF\r\nFFA17FFF\r\nFFD67FFF\r\nFFFF7FED\r\nFFFF7FB6\r\nFFC0C0C0\r\nFF606060\r\nFF7F3F3F\r\nFF7F593F\r\nFF7F743F\r\nFF6D7F3F\r\nFF527F3F\r\nFF3F7F47\r\nFF3F7F62\r\nFF3F7F7F\r\nFF3F647F\r\nFF3F497F\r\nFF503F7F\r\nFF6B3F7F\r\nFF7F3F76\r\nFF7F3F5B\r\n80000000\r\n80404040\r\n80FF0000\r\n80FF6A00\r\n80FFD800\r\n80B6FF00\r\n804CFF00\r\n8000FF21\r\n8000FF90\r\n8000FFFF\r\n800094FF\r\n800026FF\r\n804800FF\r\n80B200FF\r\n80FF00DC\r\n80FF006E\r\n80FFFFFF\r\n80808080\r\n807F0000\r\n807F3300\r\n807F6A00\r\n805B7F00\r\n80267F00\r\n80007F0E\r\n80007F46\r\n80007F7F\r\n80004A7F\r\n8000137F\r\n8021007F\r\n8057007F\r\n807F006E\r\n807F0037\r\n",
  "Workspace/ShowPixelGrid": "False",
  "Workspace/ShowRulers": "False"
}